Day,Observed intensity, White ratio, Estimated intensity
1,0,0.27899999547887727,0
1,0,0.26862211552372683,0
1,0,0.28176002332899314,0
1,0,