Day,Observed intensity, White ratio, Estimated intensity
1,0,0.04780277958622692,0
1,0,0.03414392089843754,0
1,0,