Day,Observed intensity, White ratio, Estimated intensity
1,0,0.5171379620587385,0
1,0,0.4994498562282986,0
1,0,0.5309749620225694,0
1,0,0.5107036313657407,0
1,0,